"","x"
"1","PS3601"
"2","PS3602"
"3","PS3603"
"4","PS3604"
"5","PS3605"
"6","PS3606"
"7","PS3607"
"8","PS3608"
"9","PS3610"
"10","PS3611"
"11","PS3612"
"12","PS3613"
"13","PS3614"
"14","PS3615"
"15","PS3617"
"16","PS3618"
"17","PS3619"
"18","PS3620"
"19","PS3621"
"20","PS3622"
"21","PS3623"
"22","PS3624"
"23","PS3625"
"24","PS3626"
"25","PS3627"
"26","PS3628"
"27","PS3630"
"28","PS3631"
"29","PS3632"
"30","PS3633"
"31","PS3634"
"32","PS3635"
"33","PS3636"
"34","PS3637"
"35","PS3638"
"36","PS3639"
"37","PS3640"
"38","PS3642"
"39","PS3643"
"40","PS3644"
"41","PS3645"
"42","PS3646"
"43","PS3647"
"44","PS3648"
"45","PS3649"
"46","PS3650"
"47","PS3652"
"48","PS3653"
"49","PS3654"
"50","PS3655"
"51","PS3656"
"52","PS3657"
"53","PS3658"
"54","PS3659"
"55","PS3660"
"56","PS3661"
"57","PS3662"
"58","PS3663"
"59","PS3664"
"60","PS3665"
"61","PS3666"
"62","PS3667"
"63","PS3668"
"64","PS3669"
"65","PS3670"
"66","PS3671"
"67","PS3672"
"68","PS3673"
"69","PS3674"
"70","PS3675"
"71","PS3676"
"72","PS3677"
"73","PS3678"
"74","PS3679"
"75","PS3680"
"76","PS3681"
"77","PS3682"
"78","PS3683"
"79","PS3684"
"80","PS3685"
"81","PS3686"
"82","PS3687"
"83","PS3688"
"84","PS3689"
"85","PS3690"
"86","PS3691"
"87","PS3692"
"88","PS3693"
"89","PS3694"
"90","PS3695"
"91","PS3696"
"92","PS3697"
"93","PS3698"
"94","PS3699"
"95","PS3700"
"96","PS3701"
"97","PS3702"
"98","PS3703"
"99","PS3704"
"100","PS3706"
"101","PS3707"
"102","PS3708"
"103","PS3709"
"104","PS3710"
"105","PS3711"
"106","PS3712"
"107","PS3789"
"108","PS3797"
"109","PSH1B"
"110","PSHIT"
"111","PSH2B"
"112","PSH2T"
"113","PSH3B"
"114","PSH3T"
"115","PSH4B"
"116","PSH4T"
"117","PSS1B"
"118","PSS1T"
"119","PSS2B"
"120","PSS2T"
"121","PSS3B"
"122","PSS3T"
"123","PSS4B"
"124","PSS4T"
"125","PS1522"
"126","PS1932"
"127","PS2357"
"128","PS2680"
"129","PS2732"
"130","PS2745"
"131","PS2875"
"132","PS2876"
"133","PS2897"
"134","PS2914"
"135","PS2921"
"136","PS2992"
"137","PS2997"
"138","PS3018"
"139","PS3122"
"140","PS3177"
"141","PS3295"
"142","PS3374"
"143","PS3424"
"144","PS3526"
"145","PS3562"
"146","PS3738"
"147","PS3794"
"148","PS4052"
"149","PS4067"
"150","PS4162"
"151","PS4319"
"152","PS4376"
"153","PS4399"
"154","PS4463"
"155","PS4647"
"156","PS4688"
"157","PS4735"
"158","PS4910"
"159","PS4971"
"160","PS5042"
"161","PS6080"
"162","PS6173"
"163","PS6287"
"164","PS835"
"165","PS836"
"166","PS837"
"167","PS839"
"168","PS851"
"169","PS852"
"170","PS853"
"171","PS855"
"172","PS856"
"173","PS857"
"174","PS858"
"175","PS859"
"176","PS860"
"177","PS861"
"178","PS862"
"179","PS863"
"180","PS864"
"181","PS865"
"182","PS866"
"183","PS867"
"184","PS871"
"185","PS872"
"186","PS873"
"187","PS874"
"188","PS875"
"189","PS876"
"190","PS877"
"191","PS878"
"192","PS879"
"193","PS880"
"194","PS882"
"195","PS883"
"196","PS884"
"197","PS885"
"198","PS886"
"199","PS887"
"200","PS888"
"201","PS889"
"202","PS890"
"203","PS891"
"204","PS892"
"205","PS893"
"206","PS897"
"207","PS898"
"208","PS899"
"209","PS900"
